"1","First !!!!","3","6","2019-01-31 06:00:00"
"2","First !!","3","6","2019-01-30 11:18:00"
"3","ceci est un commentaire","20","3","2019-02-01 10:00:00"
"4","cococococoooooooomentaiiiiiiiiiire","20","5","2019-02-01 15:30:00"
"22","test","20","5","2019-02-13 12:00:27"
"23","j'aime quentin schiff","20","5","2019-02-13 12:00:45"
"24","test final













mega long de commentaire","20","5","2019-02-13 14:41:03"
"25","test final













mega long de commentaire","20","5","2019-02-13 14:41:08"
"26","meeega ong


















commentaire","20","5","2019-02-13 14:42:00"
"1","2018-12-19","4","6"
"2","2018-12-19","11","6"
"3","2019-01-31","13","5"
"4","2019-02-01","20","16"
"5","2019-02-14","20","6"
"41","2019-02-01 11:49:50","5","3"
"1","Action","Animation tenant aux aventures représentées ou racontées.
","fas fa-fist-raised"
"2","Aventure","L'aventure ensemble d'activités, d'expériences qui comportent du risque et de l'imprévu.","fab fa-pied-piper-hat"
"3","Cuisine","Aliments préparés qu'on sert aux repas.","fas fa-hamburger"
"4","Beauté","Caractère de ce qui est moralement admirable.","fas fa-eye"
"5","Animaux","Être vivant non végétal, ne possédant pas les caractéristiques de l'espèce humaine.","fas fa-cat"
"6","Tutos","Guide d'apprentissage (texte, vidéo) pour se familiariser étape par étape avec une activité.","fas fa-graduation-cap"
"1","0.99","1","0","Abonnement à la journée"
"2","3.99","7","0","Abonnement à la semaine"
"3","9.99","30","7","Abonnement au mois"
"3","Mouttet","Mimi","mimiDuD67@gmail.com","CptLaDouille","$2y$10$ajBhR0tGUEnbZkkL2/P0ie3LZ6Db7cvrKPEbpi.FPSwWKEGgytE8e","MimiLaDouille","0","rems.jpg"
"4","Thonin","Chloe","ChloeThonin@gmail.com","ChloeThonin","$2y$10$sTAn0AjyNn.D84zCeDR5Sey5.KJAdFW50mTmUQdelhIWJNaLlkuRG","ChloeThonin","0","chlo.jpg"
"5","Schiff","Quentin","QuentinSchiff@gmail.com","SchiffQuentin","$2y$10$2LOK0gDgoSC.itreRbsh6upgjVvea1WgxUYzw2xadcjTgx/Xt1Aza","SchiffQuentin","1","qs1.jpg"
"6","Knittle","lapute","KevKnittle@gmail.com","Kev67","$2y$10$2LOK0gDgoSC.itreRbsh6upgjVvea1WgxUYzw2xadcjTgx/Xt1Aza","KevDu67","1","keks.jpg"
"7","test","test","test@test.com","test","$2y$10$I7RgwhVON.rSzQH96lZUBeK2KlZ.22070PSD6BaLvZj85jp4fnjZa","test","0",
"8","trol","trol","trol","trol","$2y$10$wizjiAs6ZifPKSOUG9Fn9.O/fyeqPFglkerDnQ/bLEjptLU4F3B4i","trol","0",
"9","dems","dems","demsdems@gmail.com","dems67","$2y$10$9e1V9HckHU7bF9/TtL1KmO5YFExgZkfK4OeghyWR1rpzkQ/awoBMK","dems²","0","qs1.jpg"
"10","kevlagrongnasse","knitos","kevkev@gmail.com","keks","$2y$10$2yZn0r71GxyudAdKRpHcneeqhGOZHRLsEXJJkpijMGif4mdiEPptm","Xxkevnamescope67xX","0","keks.jpg"
"16","jb","jb","jb","jb","$2y$10$Iwpy52XyE7iX9Zg6ThftWenBOGcFQynMVD/LnerkhPWS1mgIN.MSq","jb","0","user.png"
"2","Shadow Of Mordor","2.99","https://www.youtube.com/embed/5xK7e0-_3oQ","2018-12-19",,"0",
"3","CET ANIMAL = 30 FOIS MA TAILLE ! (The Last Guardian #1)","4.99","https://www.youtube.com/embed/JinTG_9ODuY","2018-12-19",,"0",
"4","UNE DEUXIÈME BÊTE ?! (The Last Guardian #2)","4.99","https://www.youtube.com/embed/HHmizvVsRgs","2018-12-20",,"0",
"5","S'INFILTRER OU SE FAIRE KIDNAPPER (The Last Guardian #3)","4.99","https://www.youtube.com/embed/raSKTwY7x8I","2018-12-21",,"0",
"6","LA CHUTE DE TRICO ?! (The Last Guardian #4)
","4.99","https://www.youtube.com/embed/GPQF0DhBnI8","2018-12-22",,"0",
"7","MOURIR DANS UN ÉBOULEMENT ?! (The Last Guardian #5)","4.99","https://www.youtube.com/embed/o50L0nnmQws","2018-12-23",,"0",
"8","CE N'EST PAS LA QUEUE DE TRICO... (The Last Guardian #6)","4.99","https://www.youtube.com/embed/SvzRWMpKcfQ","2018-12-24",,"0",
"9","IL EST MORT ?.. (The Last Guardian #7)","4.99","https://www.youtube.com/embed/HMGmnwxaLzM","2018-12-24",,"0",
"10","J'AI PLEURÉ DEVANT CE CHEF D’ŒUVRE (The Last Guardian FIN)","4.99","https://www.youtube.com/embed/lrnazIq--RU","2018-12-25","squez15.jpg","122","DANS CET EPISODE, JE FAIT FACE A MON PLUS GRAND DESESPOIR"
"11","High & Fines Herbes : Episode 1 (édition 420) - Saison 1","1.99","https://www.youtube.com/embed/NjkcDl1e1jc","2018-12-18",,"0",
"12","High & Fines Herbes : Episode 2 - Saison 1","1.99","https://www.youtube.com/embed/m0edPiv9rI4","2018-12-27","A&fhe2s1.jpg","959227","Dans cet épisode d'Ail et fines herbes, Caba et JJ cuisinent un bon poulet curry avec un max de spatio-chanvre"
"13","High & Fines Herbes : Episode 4 - Saison 1","1.99","https://www.youtube.com/embed/XROv7HgyrWU","2018-12-28","A&fhe4s1.png","666","Dans cet épisode Caba et JJ ouvrent leur 3e oeil et cuisine des tenders de poulet"
"14","27 ASTUCES DE BEAUTÉ QUE TU AURAIS DU CONNAÎTRE PLUS TÔT
","0.00","https://www.youtube.com/embed/lW4zJRItAYY","2018-12-26","5ast.jpg","46285589","Des astuces qui vous auriez préféré connaitre avant !"
"15","Drôle ANIMAUX Eau FAILS qui vous fera MOURIR DE MOURIR - Vidéos épiques ANIMAUX FUNNY","0.00","https://www.youtube.com/embed/ws4V4yorkYo","2018-12-25",,"0",
"16","Vidéos de chats à mourir de rire compilation 2013","0.00","https://www.youtube.com/embed/cggl4WN77Mw","2018-12-20",,"0",
"17","5 Easy Mouse/Rat Trap","0.00","https://www.youtube.com/embed/EDqAcM9FQRs","2018-12-18",,"0",
"18","TUTO COUPE DU MONDE","1.99","https://www.youtube.com/embed/LvEA2KHWQec","2018-12-18",,"0",
"20","Best of Oss 117","12.00","best_of_oss_117.mp4","2019-01-31","oss117.jpg","42","le best of des meilleurs films de tout les temps"
"1","2","1"
"2","3","2"
"3","4","2"
"4","5","2"
"5","6","2"
"6","7","2"
"7","8","2"
"8","9","2"
"9","10","2"
"10","11","3"
"11","12","3"
"12","13","3"
"13","14","4"
"14","15","5"
"15","16","5"
"16","17","6"
"17","18","6"
